001.jpg,0,0.4998933792114258,0.021210892995198568,0.148751163482666,0.2966517766316732
001.jpg,0,0.256986403465271,0.6607762654622396,0.14055271148681642,0.19884872436523438
002.jpg,0,0.30328257083892823,0.38403523763020836,0.047057390213012695,0.08777205149332683
002.jpg,0,0.1567537307739258,0.36616713205973306,0.14160690307617188,0.29773241678873696
004.jpg,0,0.3230734348297119,0.1410900115966797,0.11388788223266602,0.2229880650838216
005.jpg,0,0.34237895011901853,0.7290972391764323,0.033695554733276366,0.0670190175374349
005.jpg,0,0.12917542457580566,0.6863648732503255,0.08588438034057617,0.12793744405110677
006.jpg,0,0.33935205936431884,0.6815827687581381,0.08264768123626709,0.1609032948811849
006.jpg,0,0.10492658615112305,0.40393749872843426,0.052585911750793454,0.09629770914713541
009.jpg,0,0.32048285007476807,0.1899663766225179,0.019057512283325195,0.03817885716756185
009.jpg,0,0.1495608687400818,0.33844439188639325,0.03494722843170166,0.07885462443033854
010.jpg,0,0.05495261549949646,0.5425072987874349,0.08244269490242004,0.16680755615234374
010.jpg,0,0.47956013679504395,0.5371589660644531,0.0936288833618164,0.18056322733561198
010.jpg,0,0.37375383377075194,0.5336239496866862,0.11427202224731445,0.18963483174641926
011.jpg,0,0.1154592752456665,0.235940424601237,0.12383089065551758,0.24389222462972004
011.jpg,0,0.26823570728302004,0.1493822415669759,0.11320624351501465,0.19111061096191406
011.jpg,0,0.4146744728088379,0.07660396893819173,0.12522563934326172,0.22922546068827312
012.jpg,0,0.24902091026306153,0.22620898882548016,0.14358177185058593,0.2753661473592122
012.jpg,0,0.41029062271118166,0.24619655609130858,0.153176212310791,0.28232542673746747
012.jpg,0,0.0893614947795868,0.27491916020711266,0.1538236379623413,0.29349883397420246
013.jpg,0,0.2783437490463257,0.47652349472045896,0.024077606201171876,0.04940363566080729
013.jpg,0,0.133190381526947,0.6889881134033203,0.06448843479156494,0.12073923746744791
014.jpg,0,0.26288294792175293,0.3390766779581706,0.11404614448547364,0.20705560048421223
014.jpg,0,0.17169805765151977,0.024745901425679524,0.11309603452682496,0.1959252675374349
014.jpg,0,0.3560075521469116,0.5766421635945638,0.1456827402114868,0.26615918477376305
014.jpg,0,0.14621500968933104,0.02517552375793457,0.08993217945098878,0.18331046104431153
014.jpg,0,0.05264852643013,0.22164951960245768,0.14598655700683594,0.2319355010986328
014.jpg,0,0.335580849647522,0.6017891565958658,0.11101868152618408,0.2208494822184245
014.jpg,0,0.2429931640625,0.3560068130493164,0.0921135425567627,0.17229042053222657
015.jpg,0,0.4221643924713135,0.3175670305887858,0.014428329467773438,0.025878270467122395
016.jpg,0,0.09157788753509521,0.34152323404947915,0.04508824348449707,0.0875247319539388
017.jpg,0,0.24543001651763915,0.7197398503621419,0.029302644729614257,0.05382181803385417
018.jpg,0,0.4158982753753662,0.3561361312866211,0.02783479690551758,0.060069338480631514
018.jpg,0,0.13135967254638672,0.686145528157552,0.07036800384521484,0.13077201843261718
019.jpg,0,0.12733058929443358,0.10033810138702393,0.11075117588043212,0.16503146489461262
019.jpg,0,0.36917266845703123,0.10632759730021159,0.09730205535888672,0.16823565165201823
019.jpg,0,0.3612764835357666,0.43787288665771484,0.10635042190551758,0.156317138671875
019.jpg,0,0.36574587821960447,0.6146668116251628,0.11996469497680665,0.1841016133626302
019.jpg,0,0.37558932304382325,0.2753668467203776,0.10761280059814453,0.16362539927164713
019.jpg,0,0.1351601243019104,0.28924277623494465,0.10041946172714233,0.14820562998453776
019.jpg,0,0.25057330131530764,0.6284908294677735,0.0826601505279541,0.1554456075032552
019.jpg,0,0.24286201000213622,0.11699052651723225,0.10442399978637695,0.15353794097900392
020.jpg,0,0.21585278511047362,0.07787578105926514,0.10291004180908203,0.18317890167236328
020.jpg,0,0.18328161239624025,0.5803980509440104,0.1681915283203125,0.26109886169433594
020.jpg,0,0.4975283145904541,0.15856269200642903,0.08790111541748047,0.17542107899983725
020.jpg,0,0.3498958349227905,0.3845449765523275,0.1580713987350464,0.23945144017537434
020.jpg,0,0.3824108123779297,0.040612403551737467,0.11361398696899414,0.2299350102742513
020.jpg,0,0.1909621000289917,0.29072863260904946,0.11370811462402344,0.20994790395100912
020.jpg,0,0.24833283424377442,0.2919944127400716,0.11039462089538574,0.19889310201009114
020.jpg,0,0.2510303258895874,0.6074758529663086,0.10520749092102051,0.2061541239420573
021.jpg,0,0.17806812524795532,0.5168021519978842,0.11882995367050171,0.20836652119954427
021.jpg,0,0.32734146118164065,0.40242900848388674,0.12073807716369629,0.22810955047607423
021.jpg,0,0.50583815574646,0.3164271036783854,0.10399751663208008,0.18691177368164064
021.jpg,0,0.362944221496582,0.19852016766866049,0.0638308048248291,0.12012699445088705
021.jpg,0,0.3127692699432373,0.19567041397094725,0.061754894256591794,0.1114103635152181
022.jpg,0,0.25741896629333494,0.27808602650960285,0.06278696060180664,0.11750469207763672
022.jpg,0,0.3751418113708496,0.42425384521484377,0.11221876144409179,0.18102219899495442
022.jpg,0,0.26313397884368894,0.6026770273844401,0.05524334907531738,0.09352493286132812
022.jpg,0,0.27873075008392334,0.27982454299926757,0.05312023162841797,0.10182259877522787
022.jpg,0,0.2144232988357544,0.2927090326944987,0.05597529411315918,0.09581483205159505
023.jpg,0,0.12701311111450195,0.2657845815022786,0.10372931957244873,0.19607391357421874
024.jpg,0,0.49143166542053224,0.24857428868611653,0.0875401496887207,0.1464923858642578
024.jpg,0,0.3055312156677246,0.2552923838297526,0.07117795944213867,0.13613510131835938
024.jpg,0,0.16873321533203126,0.46146999994913734,0.10323519706726074,0.18025166193644207
024.jpg,0,0.12160816192626953,0.3400543212890625,0.09008698463439942,0.17341817220052083
024.jpg,0,0.3581037998199463,0.34260419209798176,0.09271535873413086,0.1516939163208008
024.jpg,0,0.08635605573654175,0.25848018328348793,0.0950510025024414,0.18770626386006672
025.jpg,0,0.23370206356048584,0.20160702069600422,0.0597285270690918,0.09839679400126139
025.jpg,0,0.4620345115661621,0.13477188746134441,0.032001495361328125,0.06658474604288737
025.jpg,0,0.5371819972991944,0.5674788157145182,0.05487127304077148,0.10303700764973958
025.jpg,0,0.4389185905456543,0.5300657272338867,0.09033823013305664,0.1537322998046875
026.jpg,0,0.22508935928344725,0.17735037803649903,0.10379986763000489,0.16383436520894368
026.jpg,0,0.08836299180984497,0.30054655075073244,0.10360176563262939,0.18878148396809896
026.jpg,0,0.4457508087158203,0.3566413879394531,0.12040576934814454,0.24187755584716797
028.jpg,0,0.4084638118743896,0.11722306410471599,0.06503067016601563,0.1200459877649943
028.jpg,0,0.13183375597000122,0.5475889841715494,0.0575009822845459,0.1120513916015625
028.jpg,0,0.2542318344116211,0.686773935953776,0.06417112350463867,0.12323862711588542
028.jpg,0,0.2045072078704834,0.3473614374796549,0.06933779716491699,0.13924770355224608
028.jpg,0,0.496382999420166,0.2732547760009766,0.0659907341003418,0.11082922617594401
029.jpg,0,0.2213522434234619,0.7001774470011394,0.07778744697570801,0.14554367065429688
029.jpg,0,0.18606963157653808,0.6787113189697266,0.08623971939086914,0.15300674438476564
030.jpg,0,0.41043615341186523,0.1149240255355835,0.062166023254394534,0.11487629413604736
030.jpg,0,0.2539498805999756,0.6920210520426432,0.061222505569458005,0.11253191630045573
030.jpg,0,0.20466086864471436,0.34873936971028646,0.06765060424804688,0.1312417984008789
030.jpg,0,0.1291858434677124,0.5414909998575846,0.061230921745300294,0.11431503295898438
030.jpg,0,0.4977571487426758,0.27515182495117185,0.06306438446044922,0.11025416056315104
030.jpg,0,0.058270585536956784,0.6227165857950846,0.05441348552703858,0.09871648152669271
031.jpg,0,0.2213522434234619,0.7001774470011394,0.07778744697570801,0.14554367065429688
031.jpg,0,0.18606963157653808,0.6787113189697266,0.08623971939086914,0.15300674438476564
032.jpg,0,0.44484772682189944,0.5546503702799479,0.05845775604248047,0.11041297912597656
032.jpg,0,0.4988156795501709,0.6545930862426758,0.05362882614135742,0.12694562276204427
033.jpg,0,0.21423006057739258,0.502354113260905,0.01990203857421875,0.04310042063395182
033.jpg,0,0.6133291244506835,0.07828270594278972,0.02441272735595703,0.05060586929321289
034.jpg,0,0.40053691864013674,0.3734461784362793,0.09158096313476563,0.1670631726582845
035.jpg,0,0.18802684545516968,0.6311915715535482,0.0700689435005188,0.13035125732421876
035.jpg,0,0.347959041595459,0.29789304733276367,0.07487268447875976,0.15451463063557944
035.jpg,0,0.5897269725799561,0.25278302828470867,0.060425090789794925,0.12352267901102702
035.jpg,0,0.588749361038208,0.6498048782348633,0.020414066314697266,0.051665242513020834
037.jpg,0,0.23766851425170898,0.47922064463297526,0.08433065414428711,0.17008005777994792
037.jpg,0,0.2638787031173706,0.48937838872273765,0.05207982063293457,0.10546414057413737
037.jpg,0,0.467377233505249,0.14206892649332684,0.023082637786865236,0.05431241989135742
039.jpg,0,0.2965174436569214,0.37156238555908205,0.13286840915679932,0.2554817199707031
041.jpg,0,0.10749391317367554,0.5261564572652181,0.042794013023376466,0.08596334457397461
041.jpg,0,0.3792840242385864,0.7400316874186198,0.0803565263748169,0.1314592997233073
042.jpg,0,0.34356040954589845,0.5857400894165039,0.13810319900512696,0.22127291361490886
043.jpg,0,0.09224368333816528,0.2531111717224121,0.12281254529953003,0.24353771209716796
043.jpg,0,0.2289745569229126,-0.005845713615417481,0.08377809524536133,0.16305742263793946
044.jpg,0,0.21228494644165039,0.5344828287760417,0.03263211250305176,0.0658172607421875
045.jpg,0,0.5646097183227539,0.47853813171386717,0.044354248046875,0.07736155192057291
045.jpg,0,0.3217435836791992,0.6430871963500977,0.08135876655578614,0.1494873046875
046.jpg,0,0.21301636695861817,0.5349733352661132,0.03212251663208008,0.06443010965983073
048.jpg,0,0.31816346645355226,0.13328800996144613,0.02483234405517578,0.052778188387552896
048.jpg,0,0.20583739280700683,0.30179290771484374,0.07116169929504394,0.15439599355061848
048.jpg,0,0.2545697927474976,0.5870567957560221,0.021569013595581055,0.0423132578531901
049.jpg,0,0.35953125953674314,0.621914800008138,0.029139328002929687,0.055782318115234375
049.jpg,0,0.3574068069458008,0.008239213625590007,0.0719374656677246,0.15180702209472657
050.jpg,0,0.3160618543624878,0.4123007456461589,0.03886590003967285,0.07710895538330079
050.jpg,0,0.16135720014572144,0.6984923044840495,0.06399158239364625,0.11211318969726562
left0001.jpg,0,0.2661536931991577,0.4038548469543457,0.021655511856079102,0.045119158426920575
left0001.jpg,0,0.29137256145477297,0.5702480951944987,0.03612871170043945,0.0643334706624349
left0001.jpg,0,0.2939135551452637,0.28226826985677084,0.02487921714782715,0.0570465087890625
left0001.jpg,0,0.33251500129699707,0.5615814208984375,0.03646397590637207,0.06834068298339843
left0002.jpg,0,0.2924508571624756,0.5660502115885416,0.03463492393493652,0.07159538269042968
left0002.jpg,0,0.29146518707275393,0.3712999979654948,0.02025318145751953,0.043012173970540364
left0002.jpg,0,0.36217126846313474,0.46250661214192706,0.022936058044433594,0.04771569569905599
left0002.jpg,0,0.33128416538238525,0.562375259399414,0.034381771087646486,0.0670355478922526
left0003.jpg,0,0.36327195167541504,0.2984722137451172,0.0563082218170166,0.10588843027750651
left0003.jpg,0,0.23891541957855225,0.2609164555867513,0.05470576286315918,0.1047265370686849
left0003.jpg,0,0.28994002342224123,0.5665992101033529,0.03553614616394043,0.07196095784505209
left0003.jpg,0,0.33315286636352537,0.5620782852172852,0.03563666343688965,0.06741994222005208
left0004.jpg,0,0.34273543357849123,0.02976863384246826,0.08023533821105958,0.14057315190633138
left0004.jpg,0,0.11023180484771729,-0.004585889975229899,0.08662433624267578,0.13605475425720215
left0004.jpg,0,0.3330260992050171,0.5619857152303059,0.03570079803466797,0.06790377298990885
left0004.jpg,0,0.2964076042175293,0.563240114847819,0.035775613784790036,0.06704991658528646
left0005.jpg,0,0.25443947315216064,0.42935250600179037,0.02613992691040039,0.04787515004475911
left0005.jpg,0,0.29229676723480225,0.567150370279948,0.03380284309387207,0.06925315856933593
left0005.jpg,0,0.33360016345977783,0.5626777648925781,0.034648466110229495,0.06649564107259115
left0005.jpg,0,0.2708214998245239,0.321263058980306,0.03993902206420898,0.07214914957682292
left0006.jpg,0,0.2667332649230957,0.3630913416544596,0.02752552032470703,0.051016044616699216
left0006.jpg,0,0.29267752170562744,0.5668036142985026,0.03404011726379395,0.06934890747070313
left0006.jpg,0,0.33304221630096437,0.5633029301961263,0.03569607734680176,0.06594530741373698
left0006.jpg,0,0.36092543601989746,0.33241615295410154,0.019275093078613283,0.036241976420084636
left0007.jpg,0,0.29204540252685546,0.5656033198038737,0.03561477661132813,0.07239888509114584
left0007.jpg,0,0.3324410438537598,0.5613455454508464,0.03658609390258789,0.07002995808919271
left0007.jpg,0,0.20420498847961427,0.21731171607971192,0.029867219924926757,0.0619138240814209
left0008.jpg,0,0.29176816940307615,0.5662317911783854,0.03534612655639648,0.07190818786621093
left0008.jpg,0,0.2835289239883423,0.44024270375569663,0.014170169830322266,0.030666605631510416
left0008.jpg,0,0.33238227367401124,0.561925760904948,0.036937618255615236,0.06905835469563802
left0008.jpg,0,0.3636178731918335,0.2965921719868978,0.018541431427001952,0.04043089548746745
left0009.jpg,0,0.2915443658828735,0.5645601908365886,0.03630528450012207,0.07494659423828125
left0009.jpg,0,0.3035748958587646,0.4498146375020345,0.01316075325012207,0.02585315704345703
left0009.jpg,0,0.3325024604797363,0.5614065806070964,0.036605024337768556,0.06917902628580729
left0010.jpg,0,0.23713574409484864,0.1889530817667643,0.015051126480102539,0.03211294809977214
left0010.jpg,0,0.2909102439880371,0.5627068201700847,0.03678970336914063,0.06910120646158854
left0010.jpg,0,0.33534717559814453,0.5643224716186523,0.03373284339904785,0.06463267008463541
left0010.jpg,0,0.2990283489227295,0.08942923545837403,0.030327558517456055,0.056270535786946616
left0011.jpg,0,0.290035343170166,0.56248779296875,0.03651680946350098,0.06837158203125
left0011.jpg,0,0.332119345664978,0.5613815307617187,0.037356233596801756,0.06842333475748698
left0011.jpg,0,0.3054548740386963,0.18420629501342772,0.012674283981323243,0.027095985412597657
left0012.jpg,0,0.2902449369430542,0.5617427825927734,0.0375267505645752,0.06952946980794271
left0012.jpg,0,0.33200416564941404,0.5616548538208008,0.037526273727416994,0.0675439198811849
left0013.jpg,0,0.29039342403411866,0.5630548477172852,0.036600923538208006,0.06830228169759114
left0013.jpg,0,0.33226206302642824,0.5613950729370117,0.03712673187255859,0.06811625162760417
left0014.jpg,0,0.2917412519454956,0.5619986852010092,0.03740458488464356,0.06893386840820312
left0014.jpg,0,0.3350381851196289,0.5645005544026692,0.035083580017089847,0.06518389383951823
left0014.jpg,0,0.23902626037597657,0.32264982859293617,0.013907289505004883,0.030017598470052084
left0015.jpg,0,0.3588262557983398,0.5439991633097331,0.03204202651977539,0.06395339965820312
left0015.jpg,0,0.30405938625335693,0.5149761835734049,0.03230137825012207,0.06665128072102865
left0015.jpg,0,0.3221257448196411,0.486915651957194,0.03141026496887207,0.06163578033447266
left0016.jpg,0,0.36448829174041747,0.33332099914550783,0.02368011474609375,0.04868653615315755
left0016.jpg,0,0.2913249731063843,0.26461803118387855,0.021589136123657225,0.04560132026672363
left0016.jpg,0,0.15420885086059571,0.4752248764038086,0.02964456081390381,0.05779743194580078
left0017.jpg,0,0.3589257001876831,0.38983675638834636,0.020361900329589844,0.04111963907877604
left0017.jpg,0,0.3291280508041382,0.38671398162841797,0.020205259323120117,0.042753346761067706
left0017.jpg,0,0.3491534948348999,0.2553181489308675,0.022057533264160156,0.04780481656392415
left0017.jpg,0,0.35013303756713865,0.2701713562011719,0.02332477569580078,0.04914538065592448
left0018.jpg,0,0.40781335830688475,0.35299158096313477,0.018765926361083984,0.040430704752604164
left0018.jpg,0,0.41852922439575196,0.22325477600097657,0.02293052673339844,0.04823932647705078
left0018.jpg,0,0.3826665163040161,0.3468231201171875,0.0194932222366333,0.04401410420735677
left0019.jpg,0,0.3099760293960571,0.3778034528096517,0.013246440887451172,0.030713653564453124
left0020.jpg,0,0.3542792558670044,0.36817601521809895,0.02325472831726074,0.043332417805989586
left0020.jpg,0,0.22920584678649902,0.36053670247395836,0.018487071990966795,0.03931350708007812
left0020.jpg,0,0.25010004043579104,0.35902074178059895,0.019184160232543945,0.03954518636067708
left0021.jpg,0,0.26674695014953614,0.5426005681355794,0.028463983535766603,0.054925155639648435
left0021.jpg,0,0.39561877250671384,0.5397322336832683,0.022819709777832032,0.04188741048177083
left0022.jpg,0,0.2752865791320801,0.5450437545776368,0.02856907844543457,0.0547326405843099
left0022.jpg,0,0.395258355140686,0.5397517522176106,0.023121142387390138,0.043178685506184894
left0022.jpg,0,0.3663320779800415,0.27794453303019206,0.012067508697509766,0.02671922047932943
left0022.jpg,0,0.35069980621337893,0.1900645891825358,0.026616382598876952,0.05417563120524089
left0023.jpg,0,0.2518975257873535,0.26432008743286134,0.022351551055908202,0.04513009389241537
left0023.jpg,0,0.4231697082519531,0.13383995691935222,0.020273685455322266,0.03917401631673177
left0023.jpg,0,0.2850170612335205,0.5455591201782226,0.028137063980102538,0.05510648091634115
left0023.jpg,0,0.39566574096679685,0.538253657023112,0.023509407043457033,0.04303665161132812
left0024.jpg,0,0.33091394901275634,0.3385764122009277,0.01725597381591797,0.032947349548339847
left0024.jpg,0,0.3916365623474121,0.5369967142740886,0.025281238555908202,0.04386151631673177
left0024.jpg,0,0.21274201869964598,0.39624319076538084,0.016007471084594726,0.03530890146891276
left0024.jpg,0,0.28688855171203614,0.5473272323608398,0.027391624450683594,0.049944305419921876
left0024.jpg,0,0.4961444854736328,0.49909823735555015,0.029900360107421874,0.05967868169148763
left0025.jpg,0,0.39167308807373047,0.5372316360473632,0.02530536651611328,0.04383837381998698
left0025.jpg,0,0.3574415445327759,0.2285747528076172,0.016108608245849608,0.0344601313273112
left0025.jpg,0,0.2853994369506836,0.24205153783162434,0.014447927474975586,0.030135663350423177
left0025.jpg,0,0.28727025985717775,0.548234494527181,0.02655930519104004,0.04913736979166667
left0025.jpg,0,0.4888111114501953,0.4882677396138509,0.0400909423828125,0.075853697458903
left0026.jpg,0,0.39142348766326907,0.5351930618286133,0.025757670402526855,0.04481086730957031
left0026.jpg,0,0.3194607734680176,0.280645751953125,0.014725875854492188,0.030666605631510416
left0026.jpg,0,0.28489108085632325,0.5464850743611653,0.028110313415527343,0.05403226216634115
left0026.jpg,0,0.3390766382217407,0.137900972366333,0.030379390716552733,0.06006288528442383
left0027.jpg,0,0.3364379644393921,0.19516261418660483,0.015165376663208007,0.03256444931030274
left0027.jpg,0,0.39128472805023196,0.5357829411824544,0.025827240943908692,0.04552192687988281
left0027.jpg,0,0.2845878601074219,0.5453133900960286,0.028339147567749023,0.05546086629231771
left0027.jpg,0,0.37192540168762206,0.3103863080342611,0.016963911056518555,0.03750966389973958
left0028.jpg,0,0.39141120910644533,0.5357208887736002,0.025606632232666016,0.04512481689453125
left0028.jpg,0,0.28472084999084474,0.5455647786458333,0.028224849700927736,0.05522753397623698
left0028.jpg,0,0.38248419761657715,0.23771840731302898,0.01606588363647461,0.03289345105489095
left0029.jpg,0,0.41046719551086425,0.31286729176839195,0.02376070022583008,0.04693673451741536
left0029.jpg,0,0.28470573425292967,0.5454865137736002,0.028444623947143553,0.05510266621907552
left0029.jpg,0,0.33988401889801023,0.16065281232198078,0.023110294342041017,0.041782569885253903
left0029.jpg,0,0.39127326011657715,0.536188252766927,0.025653839111328125,0.04470469156901042
left0030.jpg,0,0.39156038761138917,0.5363925298055013,0.024851202964782715,0.044710667928059895
left0030.jpg,0,0.38950424194335936,0.3497188886006673,0.022524547576904298,0.04656893412272135
left0030.jpg,0,0.28495733737945556,0.5456990559895833,0.028070640563964844,0.05482813517252604
left0030.jpg,0,0.2390911340713501,0.18853416442871093,0.03172645568847656,0.06488415400187174
left0031.jpg,0,0.39149951934814453,0.5356138865152995,0.025156307220458984,0.04523887634277344
left0031.jpg,0,0.2849408149719238,0.5461247762044271,0.02836003303527832,0.054294713338216144
left0031.jpg,0,0.3726541042327881,0.3787995338439941,0.01653280258178711,0.03478851318359375
left0032.jpg,0,0.36012170314788816,0.32394930521647136,0.019626092910766602,0.03932997385660807
left0032.jpg,0,0.3924239158630371,0.5365110397338867,0.023909950256347658,0.04289029439290364
left0032.jpg,0,0.2853325605392456,0.546601931254069,0.027875566482543947,0.054308446248372395
left0032.jpg,0,0.36095218658447265,0.5425464630126953,0.0224273681640625,0.043462244669596355
left0033.jpg,0,0.2869197130203247,0.22863438924153645,0.015682125091552736,0.03189144134521484
left0033.jpg,0,0.3912805080413818,0.5352266947428386,0.025597381591796874,0.04500783284505208
left0033.jpg,0,0.2844487905502319,0.5455166498819987,0.028545427322387695,0.05510215759277344
left0033.jpg,0,0.49196853637695315,0.49507627487182615,0.032240104675292966,0.06412521998087566
left0034.jpg,0,0.29772636890411375,0.5405144373575846,0.025054359436035158,0.046724192301432294
left0034.jpg,0,0.36728241443634035,0.5367772420247395,0.02483515739440918,0.04555702209472656
left0034.jpg,0,0.49195046424865724,0.4956295649210612,0.032259464263916016,0.06577434539794921
left0035.jpg,0,0.25702590942382814,0.2965251922607422,0.01862339973449707,0.04005991617838542
left0035.jpg,0,0.33309938907623293,0.2759464899698893,0.017797422409057618,0.03593629201253255
left0035.jpg,0,0.4913780212402344,0.4949175834655762,0.03298740386962891,0.06559120814005534
left0035.jpg,0,0.3478184938430786,0.26425582567850747,0.017560195922851563,0.0364128589630127
left0036.jpg,0,0.32558212280273435,0.28334989547729494,0.01770620346069336,0.037859598795572914
left0036.jpg,0,0.49160056114196776,0.4962537447611491,0.03210992813110351,0.06453619003295899
left0036.jpg,0,0.34890921115875245,0.2793370246887207,0.018702077865600585,0.03928070068359375
left0037.jpg,0,0.32910568714141847,0.2697888374328613,0.022316694259643555,0.040087890625
left0037.jpg,0,0.49184141159057615,0.494486395517985,0.032633209228515626,0.06594228744506836
left0038.jpg,0,0.30732853412628175,0.35171054204305013,0.020811080932617188,0.04358895619710287
left0038.jpg,0,0.36313154697418215,0.32159773508707684,0.022155618667602538,0.0470004399617513
left0038.jpg,0,0.36397950649261473,0.30060116449991864,0.023384237289428712,0.046923255920410155
left0038.jpg,0,0.49239110946655273,0.49626471201578776,0.03146343231201172,0.06336873372395833
left0039.jpg,0,0.32479970455169677,0.04636603593826294,0.03219165802001953,0.05910438299179077
left0039.jpg,0,0.4009402751922607,0.24333910942077636,0.0337376594543457,0.06640706062316895
left0039.jpg,0,0.3779290199279785,0.3022939999898275,0.03332662582397461,0.0664035161336263
left0039.jpg,0,0.49266953468322755,0.4969374974568685,0.03204765319824219,0.06365070343017579
left0040.jpg,0,0.26472814083099366,0.3789747873942057,0.016916513442993164,0.03490314483642578
left0040.jpg,0,0.29134511947631836,0.45625270207722984,0.02068667411804199,0.047283871968587236
left0040.jpg,0,0.4928281307220459,0.4951086680094401,0.03197946548461914,0.06577021280924479
left0040.jpg,0,0.30165159702301025,0.43899157842000325,0.02146005630493164,0.04931354522705078
left0041.jpg,0,0.3083892822265625,0.34714651107788086,0.02052898406982422,0.043162027994791664
left0041.jpg,0,0.3028543472290039,0.33334372838338217,0.02006192207336426,0.04163157145182292
left0041.jpg,0,0.32000854015350344,0.39408127466837567,0.021841001510620118,0.04293619791666667
left0041.jpg,0,0.49579391479492185,0.4963146527608236,0.03123025894165039,0.06393760045369466
left0041.jpg,0,0.31184003353118894,0.39473822911580403,0.022392702102661134,0.045519574483235674
left0041.jpg,0,0.34114015102386475,0.3849764506022135,0.019946718215942384,0.04426142374674479
left0042.jpg,0,0.42131314277648924,0.3369410196940104,0.018050575256347658,0.039720344543457034
left0042.jpg,0,0.42047805786132814,0.32127310434977213,0.01794404983520508,0.03857142130533854
left0042.jpg,0,0.4223679542541504,0.3652035713195801,0.017716121673583985,0.03861586252848307
left0043.jpg,0,0.29884018898010256,0.27045777638753254,0.023262548446655273,0.04964637756347656
left0043.jpg,0,0.3081208229064941,0.22678775787353517,0.020691633224487305,0.042591222127278644
left0043.jpg,0,0.35678648948669434,0.29841073354085285,0.02358136177062988,0.04925886789957682
left0043.jpg,0,0.29353439807891846,0.2861750602722168,0.021959209442138673,0.04920393625895182
left0043.jpg,0,0.493498706817627,0.49799445470174153,0.031464004516601564,0.06230872472127279
left0044.jpg,0,0.3211481809616089,0.32307840983072916,0.03404011726379395,0.0665878931681315
left0044.jpg,0,0.37163243293762205,0.1781700611114502,0.03447904586791992,0.06626288096110027
left0044.jpg,0,0.40857977867126466,0.22691640853881836,0.03519525527954102,0.07195123036702473
left0044.jpg,0,0.3569295883178711,0.43145691553751625,0.03456430435180664,0.06719112396240234
left0044.jpg,0,0.4923987865447998,0.49606615702311196,0.03213281631469726,0.06376215616861979
left0045.jpg,0,0.2669736385345459,0.25111942291259765,0.032711124420166014,0.0650527318318685
left0045.jpg,0,0.21940805912017822,0.23901289304097492,0.030098152160644532,0.05957182248433431
left0045.jpg,0,0.49210872650146487,0.4963409423828125,0.032468128204345706,0.06445547739664713
left0046.jpg,0,0.3191809177398682,0.5403104146321615,0.03493256568908691,0.06328900655110677
left0046.jpg,0,0.283257269859314,0.5435954411824544,0.027705621719360352,0.05425262451171875
left0046.jpg,0,0.327588152885437,0.258042844136556,0.019783210754394532,0.04268811543782552
left0046.jpg,0,0.36731901168823244,0.3526464462280273,0.02029142379760742,0.04388720194498698
left0047.jpg,0,0.26852917671203613,0.4115435282389323,0.024907732009887697,0.05233955383300781
left0047.jpg,0,0.3950016498565674,0.543997319539388,0.0261962890625,0.05132967631022135
left0047.jpg,0,0.33055036067962645,0.5406259536743164,0.024857473373413087,0.05220044453938802
left0047.jpg,0,0.3451152563095093,0.4379980405171712,0.026007366180419923,0.05444501241048177
left0047.jpg,0,0.2861876249313354,0.5447803497314453,0.025615644454956055,0.05506401062011719
left0048.jpg,0,0.323244309425354,0.5475454330444336,0.026851320266723634,0.052154159545898436
left0048.jpg,0,0.3576387882232666,0.5472018559773763,0.027512884140014647,0.05140279134114583
left0048.jpg,0,0.28589468002319335,0.5461860656738281,0.026189374923706054,0.052560679117838544
left0048.jpg,0,0.2848659515380859,0.41289981206258136,0.021646976470947266,0.04820232391357422
left0049.jpg,0,0.30639731884002686,0.5485612233479817,0.02471027374267578,0.05048383076985677
left0049.jpg,0,0.42676844596862795,0.5487017313639323,0.020515918731689453,0.042410786946614584
left0049.jpg,0,0.2687838077545166,0.5442838033040365,0.023834609985351564,0.04735997517903646
left0049.jpg,0,0.3390780210494995,0.5462154388427735,0.025214290618896483,0.049370956420898435
left0049.jpg,0,0.25634212493896485,0.5426823298136393,0.025626611709594727,0.05206934611002604
left0050.jpg,0,0.295942497253418,0.5466691335042317,0.027420234680175782,0.053008015950520834
left0050.jpg,0,0.32515912055969237,0.5509832382202149,0.02812967300415039,0.05152002970377604
left0050.jpg,0,0.27752711772918703,0.5457391103108724,0.02826037406921387,0.05128529866536458
left0050.jpg,0,0.3380299091339111,0.16823697090148926,0.02961702346801758,0.05871000289916992
left0051.jpg,0,0.44449405670166015,0.5330960909525554,0.024345207214355468,0.0459385871887207
left0051.jpg,0,0.35709824562072756,0.5410167694091796,0.026772785186767577,0.050095621744791666
left0051.jpg,0,0.2987313508987427,0.5380046844482422,0.02902836799621582,0.053985341389973955
left0051.jpg,0,0.24100513458251954,0.5375389734903971,0.026708269119262697,0.049996439615885416
left0052.jpg,0,0.4571846961975098,0.5248323122660319,0.022894287109375,0.04480263392130534
left0052.jpg,0,0.2815436124801636,0.5282263437906901,0.02266559600830078,0.045873769124348956
left0052.jpg,0,0.37985332012176515,0.5309377352396647,0.023775553703308104,0.04365517298380534
left0052.jpg,0,0.3217399835586548,0.5291708946228028,0.021853017807006835,0.04421014785766601
left0053.jpg,0,0.2802997589111328,0.5288384437561036,0.023883724212646486,0.04613955815633138
left0053.jpg,0,0.37950026988983154,0.5320651690165202,0.02374246120452881,0.04324674606323242
left0053.jpg,0,0.45660600662231443,0.5303722381591797,0.02271871566772461,0.04363594055175781
left0053.jpg,0,0.32090039253234864,0.5288921991984049,0.02287611961364746,0.045969390869140626
left0053.jpg,0,0.3979405164718628,0.3961644172668457,0.0184154748916626,0.04006748199462891
left0053.jpg,0,0.36481873989105223,0.3911553382873535,0.017461204528808595,0.03646132151285807
left0054.jpg,0,0.45654807090759275,0.5295133272806803,0.02224588394165039,0.041010570526123044
left0054.jpg,0,0.3779958724975586,0.5337088902791342,0.0226043701171875,0.042450205485026045
left0054.jpg,0,0.2799046993255615,0.5279420216878256,0.024010086059570314,0.047540537516276044
left0054.jpg,0,0.32089862823486326,0.5292446136474609,0.022745847702026367,0.045472208658854166
left0054.jpg,0,0.4185956478118896,0.3009562810262044,0.017198753356933594,0.03621330261230469
left0054.jpg,0,0.38894269466400144,0.30921417872111,0.01638033390045166,0.03283538818359375
left0055.jpg,0,0.456436014175415,0.5292825698852539,0.02217559814453125,0.04103864034016927
left0055.jpg,0,0.3777142524719238,0.5330085754394531,0.022896766662597656,0.042508570353190105
left0055.jpg,0,0.2805725336074829,0.5279424985249838,0.02345409393310547,0.04582757949829101
left0055.jpg,0,0.32103211879730226,0.5293500900268555,0.022684001922607423,0.0448065439860026
left0055.jpg,0,0.31610617637634275,0.18860263824462892,0.016904926300048827,0.031537437438964845
left0055.jpg,0,0.2996892213821411,0.19225352605183918,0.016880512237548828,0.03226792017618815
left0056.jpg,0,0.4567301273345947,0.5290282567342123,0.021966552734375,0.041048685709635414
left0056.jpg,0,0.3794137716293335,0.5319162050882975,0.023877549171447753,0.04254649480183919
left0056.jpg,0,0.2810344934463501,0.5288770993550619,0.023264169692993164,0.045813528696695964
left0056.jpg,0,0.32128157615661623,0.529310957590739,0.02246723175048828,0.04518728256225586
left0056.jpg,0,0.3177195072174072,0.3607471466064453,0.01746649742126465,0.03933881123860677
left0056.jpg,0,0.28446862697601316,0.3587945938110352,0.0175839900970459,0.03729190826416016
left0057.jpg,0,0.3774240255355835,0.533570925394694,0.02278769016265869,0.0424187978108724
left0057.jpg,0,0.45653700828552246,0.5292182286580404,0.022074413299560548,0.04143714904785156
left0057.jpg,0,0.2804677724838257,0.5282385190327962,0.02364315986633301,0.04557053248087565
left0057.jpg,0,0.3210509538650513,0.529526964823405,0.022670173645019533,0.04470342000325521
left0057.jpg,0,0.3982642412185669,0.29075279235839846,0.017776179313659667,0.038051605224609375
left0057.jpg,0,0.3557357549667358,0.28780193328857423,0.015952444076538085,0.03323084513346354
left0058.jpg,0,0.37740929126739503,0.5332242329915364,0.02311713695526123,0.04319686889648437
left0058.jpg,0,0.4562416076660156,0.5290846506754557,0.02236347198486328,0.04178403218587239
left0058.jpg,0,0.2804853439331055,0.5277191797892252,0.0238858699798584,0.04670931498209636
left0058.jpg,0,0.3996266841888428,0.28234821955362954,0.01639833450317383,0.03427874247233073
left0058.jpg,0,0.31860957145690916,0.5312081654866536,0.023859643936157228,0.045334879557291666
left0058.jpg,0,0.32080581188201907,0.3338852246602376,0.017237472534179687,0.03719062805175781
left0059.jpg,0,0.45707125663757325,0.5284744262695312,0.022047996520996094,0.041162872314453126
left0059.jpg,0,0.37771551609039306,0.5325417200724284,0.022778534889221193,0.042255528767903644
left0059.jpg,0,0.28085391521453856,0.5277141888936361,0.02326197624206543,0.04548635482788086
left0059.jpg,0,0.3210644245147705,0.5290658315022786,0.02245340347290039,0.044698079427083336
left0059.jpg,0,0.3289871454238892,0.17155671119689941,0.01924099922180176,0.037667338053385416
left0059.jpg,0,0.26679434776306155,0.30625489552815754,0.0201418399810791,0.042667516072591144
left0060.jpg,0,0.377913498878479,0.5329441070556641,0.022903132438659667,0.04331474304199219
left0060.jpg,0,0.45683727264404295,0.5284593264261882,0.022137928009033202,0.041749032338460286
left0060.jpg,0,0.38023250102996825,0.1499344031016032,0.021753573417663576,0.03846594492594401
left0060.jpg,0,0.2802232027053833,0.5282796859741211,0.023741912841796876,0.04596710205078125
left0060.jpg,0,0.3213025093078613,0.5294524828592936,0.022528409957885742,0.04468342463175456
left0060.jpg,0,0.2639897108078003,0.1546270211537679,0.018619394302368163,0.0389889399210612
left0061.jpg,0,0.36909022331237795,0.37400064468383787,0.044428348541259766,0.08656177520751954
left0061.jpg,0,0.24049081802368164,0.3254468282063802,0.04067139625549317,0.07215023040771484
left0061.jpg,0,0.4565037727355957,0.5284189860026042,0.022525787353515625,0.04316113789876302
left0061.jpg,0,0.2808403253555298,0.5286778132120769,0.02337985038757324,0.04535230000813802
left0061.jpg,0,0.3791176795959473,0.5310509681701661,0.023893356323242188,0.04424689610799153
left0061.jpg,0,0.32194809913635253,0.5294878323872884,0.021291112899780272,0.044629510243733725
left0062.jpg,0,0.49944429397583007,0.4230182965596517,0.025817394256591797,0.04878107706705729
left0062.jpg,0,0.28156728744506837,0.528619384765625,0.023018455505371092,0.044583892822265624
left0062.jpg,0,0.37896616458892823,0.5302436192830403,0.023423933982849122,0.044091415405273435
left0062.jpg,0,0.45546708106994627,0.5270339330037435,0.02265653610229492,0.04562110900878906
left0062.jpg,0,0.32144176959991455,0.5290666580200195,0.022688674926757812,0.044761912027994795
left0062.jpg,0,0.3778825759887695,0.4211074193318685,0.0180694580078125,0.041445223490397136
left0063.jpg,0,0.2815148591995239,0.5284210205078125,0.023226308822631835,0.045063145955403644
left0063.jpg,0,0.3211003541946411,0.529120413462321,0.02301135063171387,0.04542417526245117
left0063.jpg,0,0.3788978099822998,0.5303140640258789,0.023597002029418945,0.04408480326334636
left0063.jpg,0,0.49109692573547364,0.4213633855183919,0.02391338348388672,0.04778156280517578
left0063.jpg,0,0.4545745372772217,0.526953125,0.022600173950195312,0.045599873860677084
left0063.jpg,0,0.36742467880249025,0.36628777186075845,0.018690872192382812,0.040997886657714845
left0064.jpg,0,0.45589823722839357,0.5267956733703614,0.02215547561645508,0.043684228261311846
left0064.jpg,0,0.37672767639160154,0.5316171328226725,0.02324061393737793,0.043121623992919925
left0064.jpg,0,0.28137037754058836,0.5284857749938965,0.023344755172729492,0.0452492078145345
left0064.jpg,0,0.47373714447021487,0.2636476357777913,0.021498870849609376,0.042719093958536784
left0064.jpg,0,0.32113945484161377,0.5293895085652669,0.0228853702545166,0.044460296630859375
left0064.jpg,0,0.44306230545043945,0.16387586593627929,0.021769046783447266,0.04637695948282878
left0065.jpg,0,0.37700448036193845,0.5316215833028157,0.023132753372192384,0.04291556676228841
left0065.jpg,0,0.4561299800872803,0.5272084871927897,0.022678470611572264,0.04379192988077799
left0065.jpg,0,0.2813036203384399,0.5287896474202474,0.02318739891052246,0.04452044169108073
left0065.jpg,0,0.3213022470474243,0.5295966148376465,0.022551965713500977,0.04380350112915039
left0065.jpg,0,0.5050375938415528,0.4302202860514323,0.025489997863769532,0.04615484873453776
left0066.jpg,0,0.5009408950805664,0.436701234181722,0.028606510162353514,0.051017443339029946
left0066.jpg,0,0.3783926486968994,0.5303481419881185,0.023986053466796876,0.04387588500976562
left0066.jpg,0,0.2815420627593994,0.5283921559651693,0.02321200370788574,0.04490610758463542
left0066.jpg,0,0.3214470148086548,0.5294638951619466,0.022677516937255858,0.04402491251627604
left0066.jpg,0,0.455350399017334,0.5265528996785481,0.023305416107177734,0.04623260498046875
left0066.jpg,0,0.5092798233032226,0.204414701461792,0.016678524017333985,0.03159017562866211
left0067.jpg,0,0.4559539794921875,0.5264188130696614,0.022120094299316405,0.04299761454264323
left0067.jpg,0,0.37700865268707273,0.531405512491862,0.02274184226989746,0.04202181498209635
left0067.jpg,0,0.2816263198852539,0.5284237543741862,0.02290959358215332,0.04478607177734375
left0067.jpg,0,0.32131085395812986,0.5293919245402018,0.022694158554077148,0.0439178466796875
left0067.jpg,0,0.2674995183944702,0.16269898414611816,0.020558881759643554,0.04146254857381185
left0067.jpg,0,0.30953991413116455,0.19218025207519532,0.02113633155822754,0.04101991653442383
left0068.jpg,0,0.4557981014251709,0.526663875579834,0.022359085083007813,0.043582884470621745
left0068.jpg,0,0.3771778345108032,0.5313756306966145,0.022761726379394533,0.042108408610026044
left0068.jpg,0,0.2818679094314575,0.5284482638041178,0.02267794609069824,0.04407142003377278
left0068.jpg,0,0.3212965250015259,0.5294801076253255,0.02252655029296875,0.043654378255208334
left0068.jpg,0,0.2384157657623291,0.19065860112508137,0.019448137283325194,0.03923021952311198
left0068.jpg,0,0.2784006595611572,0.19214682579040526,0.020124006271362304,0.039387957255045576
left0068.jpg,0,0.28660805225372316,0.20035120646158855,0.021536874771118163,0.044598833719889326
left0069.jpg,0,0.4556117534637451,0.5266273180643718,0.02235422134399414,0.04362147649129232
left0069.jpg,0,0.3771167516708374,0.5314013799031575,0.022811698913574218,0.04225476582845052
left0069.jpg,0,0.28189883232116697,0.5288280487060547,0.02257699966430664,0.04382667541503906
left0069.jpg,0,0.32125446796417234,0.5297131538391113,0.02261691093444824,0.04353755315144857
left0070.jpg,0,0.45588092803955077,0.5263653437296549,0.022301864624023438,0.04377962748209636
left0070.jpg,0,0.37691261768341067,0.5315083821614583,0.022821331024169923,0.04222195943196615
left0070.jpg,0,0.3212541341781616,0.5294721921284994,0.022692775726318358,0.04418586095174153
left0070.jpg,0,0.31116418838500975,0.30702298482259116,0.01995110511779785,0.040678787231445315
left0070.jpg,0,0.2822712898254395,0.5284100214640299,0.023007583618164063,0.0445715586344401
left0070.jpg,0,0.23438889980316163,0.3847230911254883,0.024063730239868165,0.04875602722167969
left0071.jpg,0,0.45598673820495605,0.5276158968607585,0.02211771011352539,0.042926756540934245
left0071.jpg,0,0.3763036489486694,0.5332386334737141,0.022997283935546876,0.04212617874145508
left0071.jpg,0,0.2817713975906372,0.5283042907714843,0.023133134841918944,0.044496409098307294
left0071.jpg,0,0.32124416828155516,0.5293350537618001,0.02289447784423828,0.04436057408650716
left0071.jpg,0,0.40564761161804197,0.32684946060180664,0.017496204376220702,0.03548507690429688
left0071.jpg,0,0.3281141519546509,0.21117051442464194,0.014184808731079102,0.03054800033569336
left0072.jpg,0,0.4555196285247803,0.5279688835144043,0.0217041015625,0.041968250274658205
left0072.jpg,0,0.3772484302520752,0.531854756673177,0.023341560363769533,0.04255994160970052
left0072.jpg,0,0.2820213794708252,0.5286561330159505,0.023113727569580078,0.04453760782877604
left0072.jpg,0,0.3219482660293579,0.5305599212646485,0.022463178634643553,0.04376207987467448
left0072.jpg,0,0.3507757902145386,0.24407634735107422,0.012504768371582032,0.025238482157389323
left0073.jpg,0,0.3786921977996826,0.5306108156840007,0.024376821517944337,0.042609055836995445
left0073.jpg,0,0.4552976131439209,0.5278358141581218,0.022362709045410156,0.04250764846801758
left0073.jpg,0,0.3213957786560059,0.5303787231445313,0.022623634338378905,0.0436944325764974
left0073.jpg,0,0.28153576850891116,0.5280200322469075,0.023589134216308594,0.04564030965169271
left0073.jpg,0,0.42538881301879883,0.18179426193237305,0.02718353271484375,0.05493230819702148
left0074.jpg,0,0.4558363437652588,0.5270840009053548,0.021576595306396485,0.04264052708943685
left0074.jpg,0,0.37783524990081785,0.5310912768046061,0.02305476665496826,0.04251991907755534
left0074.jpg,0,0.3173102378845215,0.5308782895406087,0.023778438568115234,0.04394051233927409
left0074.jpg,0,0.28151354789733884,0.5309783935546875,0.024841928482055665,0.046275965372721356
left0075.jpg,0,0.37842884063720705,0.5315238952636718,0.022885227203369142,0.042145919799804685
left0075.jpg,0,0.45516743659973147,0.5255398114522298,0.02291250228881836,0.044431082407633465
left0075.jpg,0,0.3814581632614136,0.2055060068766276,0.02523186206817627,0.051905314127604164
left0075.jpg,0,0.2810643672943115,0.5301722208658854,0.02505335807800293,0.045570627848307295
left0075.jpg,0,0.30870177745819094,0.530482292175293,0.022766590118408203,0.04150339762369792
left0075.jpg,0,0.3069012641906738,0.2605910619099935,0.01268763542175293,0.028681564331054687
left0076.jpg,0,0.4551711082458496,0.5254642486572265,0.022771739959716798,0.044472757975260416
left0076.jpg,0,0.37837953567504884,0.5316519737243652,0.023287200927734376,0.04298728307088216
left0076.jpg,0,0.2800257682800293,0.5298166592915853,0.02628011703491211,0.047158209482828777
left0076.jpg,0,0.3081888437271118,0.5301686604817708,0.02388005256652832,0.04344647725423177
left0077.jpg,0,0.3781635522842407,0.5310791015625,0.023228716850280762,0.04262135823567708
left0077.jpg,0,0.45489068031311036,0.5254894574483235,0.022958946228027344,0.04472150802612305
left0077.jpg,0,0.2804468870162964,0.5302546501159668,0.025240755081176756,0.046624342600504555
left0077.jpg,0,0.3130882740020752,0.53094056447347,0.02298727035522461,0.042384974161783856
left0077.jpg,0,0.32228498458862304,0.5306836446126302,0.022013521194458006,0.0419684092203776
left0078.jpg,0,0.34152400493621826,0.4991774559020996,0.015212774276733398,0.028732172648111978
left0078.jpg,0,0.26188466548919676,0.4991754531860352,0.015742158889770506,0.031424395243326825
left0079.jpg,0,0.3165110111236572,0.4962589263916016,0.016823434829711915,0.029638671875
left0079.jpg,0,0.263875937461853,0.49567925135294594,0.016193962097167967,0.02846050262451172
left0079.jpg,0,0.5963388919830322,0.3484919230143229,0.015522575378417969,0.03213030497233073
left0079.jpg,0,0.27814173698425293,0.4988664309183756,0.018343734741210937,0.03409131368001302
left0080.jpg,0,0.3216916561126709,0.4972684860229492,0.015994501113891602,0.02944075266520182
left0080.jpg,0,0.23726284503936768,0.4987645149230957,0.015389633178710938,0.030118942260742188
left0081.jpg,0,0.3147064924240112,0.49696149826049807,0.014416027069091796,0.028307406107584636
left0081.jpg,0,0.26222279071807864,0.4942418734232585,0.013099336624145507,0.026182238260904947
left0082.jpg,0,0.317229175567627,0.4973103205362956,0.015207338333129882,0.02940826416015625
left0082.jpg,0,0.25155537128448485,0.4983854611714681,0.013537740707397461,0.027045059204101562
left0083.jpg,0,0.3148256540298462,0.4936016718546549,0.017080068588256836,0.03158137003580729
left0083.jpg,0,0.2491635799407959,0.4969615936279297,0.014834165573120117,0.028488858540852865
left0084.jpg,0,0.3161602258682251,0.4959247907002767,0.015481376647949218,0.031678390502929685
left0084.jpg,0,0.37164208889007566,0.3377748807271322,0.01579585075378418,0.034243138631184895
left0084.jpg,0,0.250523042678833,0.49832496643066404,0.013619089126586914,0.02688490549723307
left0085.jpg,0,0.31639347076416013,0.4950996398925781,0.016239356994628907,0.031479899088541666
left0085.jpg,0,0.3675305604934692,0.3444178263346354,0.01566147804260254,0.03392798105875651
left0085.jpg,0,0.251939582824707,0.4975213368733724,0.01418299674987793,0.02675793965657552
left0085.jpg,0,0.24664363861083985,0.49887816111246747,0.014263916015625,0.02798487345377604
left0086.jpg,0,0.27255213260650635,0.497370974222819,0.01390528678894043,0.025498135884602865
left0086.jpg,0,0.3131848335266113,0.4973750114440918,0.013611173629760743,0.024866104125976562
left0086.jpg,0,0.5949364185333252,0.35025739669799805,0.016684818267822265,0.034661293029785156
left0087.jpg,0,0.27148733139038084,0.4972728093465169,0.013873100280761719,0.026030794779459635
left0087.jpg,0,0.3124781847000122,0.4966774304707845,0.013917350769042968,0.02597630818684896
left0088.jpg,0,0.2722135305404663,0.49732592900594075,0.013891267776489257,0.02572472890218099
left0088.jpg,0,0.3377019643783569,0.28203112284342446,0.015142202377319336,0.030174636840820314
left0088.jpg,0,0.31209073066711424,0.497688897450765,0.013605928421020508,0.024909210205078126
left0089.jpg,0,0.27119245529174807,0.4951084772745768,0.015419483184814453,0.029900042215983073
left0089.jpg,0,0.3524381160736084,0.23021872838338217,0.013529539108276367,0.029755592346191406
left0090.jpg,0,0.27164459228515625,0.49573583602905275,0.014671087265014648,0.028977266947428384
left0090.jpg,0,0.30190842151641845,0.28363742828369143,0.013710737228393555,0.026771354675292968
left0091.jpg,0,0.27206764221191404,0.49598217010498047,0.014655971527099609,0.028272438049316406
left0091.jpg,0,0.5963281154632568,0.3499821662902832,0.016040992736816407,0.033125114440917966
left0091.jpg,0,0.2639803171157837,0.2614064534505208,0.013755607604980468,0.028347587585449217
left0092.jpg,0,0.5967397212982177,0.35136775970458983,0.016138458251953126,0.03305861155192057
left0093.jpg,0,0.23157732486724852,0.46588726043701173,0.014794683456420899,0.028431193033854166
left0093.jpg,0,0.5968161582946777,0.3517356236775716,0.015880393981933593,0.032535680135091144
left0094.jpg,0,0.5960846424102784,0.3506640434265137,0.016602802276611327,0.033009974161783855
left0094.jpg,0,0.3237626075744629,0.379330317179362,0.014769792556762695,0.02829443613688151
left0094.jpg,0,0.25956575870513915,0.39734926223754885,0.013042497634887695,0.02669493357340495
left0095.jpg,0,0.3220060348510742,0.17018712361653646,0.024243640899658202,0.04823182423909505
left0095.jpg,0,0.3568808317184448,0.26556237538655597,0.023816537857055665,0.047064590454101565
left0095.jpg,0,0.26451940536499025,0.2692486127217611,0.01940431594848633,0.040098381042480466
left0095.jpg,0,0.5964367389678955,0.35218671162923176,0.016431236267089845,0.03310604095458984
left0095.jpg,0,0.3040756702423096,0.27816375096638996,0.02265157699584961,0.04823099772135417
left0095.jpg,0,0.3155807971954346,0.258728297551473,0.02213883399963379,0.04677112897237142
left0096.jpg,0,0.3191345453262329,0.41244424184163414,0.023407888412475587,0.046683120727539065
left0096.jpg,0,0.29373228549957275,0.20132532119750976,0.021202611923217773,0.04077072143554687
left0096.jpg,0,0.27416410446166994,0.1992550532023112,0.022037267684936523,0.04162867863972982
left0096.jpg,0,0.3434450626373291,0.23090655008951824,0.024477672576904298,0.049323654174804686
left0096.jpg,0,0.26913363933563234,0.3986482620239258,0.021435117721557616,0.0410430908203125
left0096.jpg,0,0.2593125820159912,0.1958070755004883,0.024225854873657228,0.049052492777506514
left0097.jpg,0,0.27344741821289065,0.4444997469584147,0.03339028358459473,0.06728846232096354
left0097.jpg,0,0.3418603420257568,0.29254353841145836,0.03248505592346192,0.058187611897786456
left0097.jpg,0,0.2719224214553833,0.24590163230895995,0.027486276626586915,0.052317476272583006
left0097.jpg,0,0.3169558525085449,0.570080312093099,0.032505464553833005,0.06764373779296876
left0097.jpg,0,0.6164204597473144,0.5092141469319661,0.03362874984741211,0.07239519755045573
left0098.jpg,0,0.3487999677658081,0.39102935791015625,0.018804931640625,0.0429592768351237
left0098.jpg,0,0.3483928918838501,0.210034974416097,0.022334718704223634,0.04268032709757487
left0098.jpg,0,0.3181180238723755,0.3079816818237305,0.019338226318359374,0.0404669443766276
left0098.jpg,0,0.5941242694854736,0.33773911794026695,0.017267417907714844,0.03305238087972005
left0099.jpg,0,0.20502791404724122,0.23207470575968425,0.024563169479370116,0.05031868616739909
left0099.jpg,0,0.4263009071350098,0.3781558990478516,0.037042236328125,0.07165120442708334
left0099.jpg,0,0.4215947151184082,0.32465120951334636,0.038999748229980466,0.07824045817057292
left0099.jpg,0,0.380591082572937,0.25908466974894206,0.04127790927886963,0.07591419219970703
left0100.jpg,0,0.25020265579223633,0.22370899518330892,0.02523460388183594,0.051761897404988606
left0100.jpg,0,0.34137117862701416,0.25739320119222003,0.02896728515625,0.05968494415283203
left0100.jpg,0,0.3577086925506592,0.39171406428019206,0.02630958557128906,0.059203847249348955
left0100.jpg,0,0.26564090251922606,0.2868917147318522,0.024856996536254884,0.05242780049641927
left0101.jpg,0,0.3848914861679077,0.2325436274210612,0.022435927391052247,0.043787415822347006
left0101.jpg,0,0.3202474594116211,0.4294443448384603,0.022739171981811523,0.04448356628417969
left0101.jpg,0,0.6096475124359131,0.5016920725504558,0.03754444122314453,0.07685127258300781
